{
	/*
	 // Place your snippets for TypeScript here. Each snippet is defined under a snippet name and has a prefix, body and 
	 // description. The prefix is what is used to trigger the snippet and the body will be expanded and inserted. Possible variables are:
	 // $1, $2 for tab stops, ${id} and ${id:label} and ${1:label} for variables. Variables with the same id are connected.
	 // Example:
	 "Print to console": {
		"prefix": "log",
		"body": [
			"console.log('$1');",
			"$2"
		],
		"description": "Log output to console"
	}
*/
	"Create Component": {
		"prefix": "component",
		"body": [
			"import * as angular from 'angular';",
			"",
			"export class ${MyComponent} {",
			"\tpublic static $inject = [];",
			"",
			"\tconstructor() {",
			"\t\t// Controller",
			"\t}",
			"}",
			"",
			"angular.module('app.components.${mycomponent}', [])",
			"\t.component('${myComponent}', {",
			"\t\tbindings: {},",
			"\t\tcontroller: ${MyComponent},",
			"\t\ttemplate: require('./${mycomponent}.html')",
			"\t});",
			""
		],
		"description": "Creates a new angular 1.5 component"
	},
	"Create Old Component": {
		"prefix": "oldcomponent",
		"body": [
			"import * as angular from 'angular';",
			"",
			"angular.module('app.components.${mycomponent}', [])",
			"\t.directive('${myComponent}', function() {",
			"\t\treturn {",
			"\t\t\trestrict: 'E',",
			"\t\t\treplace: true,",
			"\t\t\tscope: {},",
			"\t\t\tbindToController: {},",
			"\t\t\tcontroller: ${MyComponent},",
			"\t\t\tcontrollerAs: '$ctrl',",
			"\t\t\ttemplate: require('./${mycomponent}.html')",
			"\t\t};",
			"\t});",
			"",
			"export class ${MyComponent} {",
			"\tpublic static $inject = [];",
			"",
			"\tconstructor() {",
			"\t\t// Controller",
			"\t}",
			"}",
			""
		],
		"description": "Creates a new angular <=1.4 component"
	},
	"Create Service": {
		"prefix": "service",
		"body": [
			"import * as angular from 'angular';",
			"",
			"export class ${MyService} {",
			"\tpublic static $inject = ['$timeout'];",
			"\tprivate $timeout: angular.ITimeoutService;",
			"",
			"\tconstructor($timeout: angular.ITimeoutService) {",
			"\t\tthis.$timeout = $timeout;",
			"\t}",
			"",
			"\tpublic exampleMethod(): angular.IPromise<string> {",
			"\t\treturn this.$timeout(() => {",
			"\t\t\treturn 'Hello World';",
			"\t\t}, Math.floor(Math.random() * 2000) + 500);",
			"\t}",
			"}",
			"",
			"angular.module('app.services.${myservice}', [])",
			"\t.service('${myService}', ${MyService});",
			""
		],
		"description": "Creates a new angular 1.x service"
	},
	"Create Directive": {
		"prefix": "directive",
		"body": [
			"import * as angular from 'angular';",
			"",
			"angular.module('app.directives.${mydirective}', [])",
			"\t.directive('${myDirective}', [function() {",
			"\t\treturn {",
			"\t\t\trestrict: 'EA',",
			"\t\t\treplace: false,",
			"\t\t\tscope: {},",
			"\t\t\tlink: function(scope, element, attrs) {",
			"\t\t\t}",
			"\t\t};",
			"\t}]);",
			""
		],
		"description": "Creates a new angular 1.x directive"
	}
}