{
    "modules.localization.language": "Français",
	"modules.localization.greeting": "Salut",
	"modules.localization.sentence": "Ceci est une phrase.",	
	"components.random-fruit": "Français",
	"navigation.dashboard": "Français",
	"navigation.localization": "Français",
	"navigation.my-account": "Français",
	"navigation.settings": "Français",
	"navigation.logout": "Français",
	"modules.dashboard.title": "Français",
	"modules.dashboard.chart": "Français",
	"modules.dashboard.best-banks": "Français",
	"modules.dashboard.worst-banks": "Français",
	"modules.localization.title": "Français"
}