{
	"modules.localization.language": "English",
	"modules.localization.greeting": "Hello",
	"modules.localization.sentence": "This is a sentence.",
	"components.random-fruit": "Random Fruit",
	"navigation.dashboard": "Dashboard",
	"navigation.localization": "Localization",
	"navigation.my-account": "My Account",
	"navigation.settings": "Settings",
	"navigation.logout": "Logout",
	"modules.dashboard.title": "Dashboard",
	"modules.dashboard.chart": "Chart",
	"modules.dashboard.best-banks": "Best Banks",
	"modules.dashboard.worst-banks": "Worst Banks",
	"modules.localization.title": "Localization/Internationalization"
}