{
  "resolution": "main",
  "tree": {
    "src": "https://raw.githubusercontent.com/DefinitelyTyped/DefinitelyTyped/310c247694d7f31bd2e3198f71c55221f7c3a3c7/angular-translate/angular-translate.d.ts",
    "raw": "github:DefinitelyTyped/DefinitelyTyped/angular-translate/angular-translate.d.ts#310c247694d7f31bd2e3198f71c55221f7c3a3c7",
    "typings": "https://raw.githubusercontent.com/DefinitelyTyped/DefinitelyTyped/310c247694d7f31bd2e3198f71c55221f7c3a3c7/angular-translate/angular-translate.d.ts"
  }
}
