{
  "name": "galileo-example-app",
  "globalDependencies": {
    "ag-grid": "registry:dt/ag-grid#2.1.2+20160317120654",
    "angular": "registry:dt/angular#1.5.0+20160517064839",
    "angular-dynamic-locale": "registry:dt/angular-dynamic-locale#0.1.27+20160317120654",
    "angular-mocks": "github:DefinitelyTyped/DefinitelyTyped/angularjs/angular-mocks.d.ts#310c247694d7f31bd2e3198f71c55221f7c3a3c7",
    "angular-translate": "github:DefinitelyTyped/DefinitelyTyped/angular-translate/angular-translate.d.ts#310c247694d7f31bd2e3198f71c55221f7c3a3c7",
    "angular-ui-bootstrap": "registry:dt/angular-ui-bootstrap#0.13.3+20160602140119",
    "angular-ui-router": "github:DefinitelyTyped/DefinitelyTyped/angular-ui-router/angular-ui-router.d.ts#310c247694d7f31bd2e3198f71c55221f7c3a3c7",
    "jasmine": "github:DefinitelyTyped/DefinitelyTyped/jasmine/jasmine.d.ts#310c247694d7f31bd2e3198f71c55221f7c3a3c7",
    "jquery": "github:DefinitelyTyped/DefinitelyTyped/jquery/jquery.d.ts#310c247694d7f31bd2e3198f71c55221f7c3a3c7",
    "node": "github:DefinitelyTyped/DefinitelyTyped/node/node.d.ts#310c247694d7f31bd2e3198f71c55221f7c3a3c7",
    "source-map": "github:DefinitelyTyped/DefinitelyTyped/source-map/source-map.d.ts#310c247694d7f31bd2e3198f71c55221f7c3a3c7",
    "uglify-js": "github:DefinitelyTyped/DefinitelyTyped/uglify-js/uglify-js.d.ts#310c247694d7f31bd2e3198f71c55221f7c3a3c7",
    "webpack": "github:DefinitelyTyped/DefinitelyTyped/webpack/webpack.d.ts#310c247694d7f31bd2e3198f71c55221f7c3a3c7"
  }
}
